doc_id,text,incident_type,affected_raw,affected_individuals,credit_monitoring,retraining,technical_safeguards,media_notice
claim_1,"The covered entity (CE), Absentee Shawnee Tribal Health Authority, Inc., reported that its business associate (BA) experienced a cyber-attack that compromised the protected health information (PHI) of 1,112 individuals. The PHI involved demographic and clinical information. The CE notified HHS; the BA is notifying affected individuals and the media on the CE’s behalf. OCR provided technical assistance regarding the HIPAA Rules.",Cyberattack,"1,112 individuals",1112,0,0,0,1
claim_2,"The covered entity (CE), Gold Coast Health Plan, reported that its business associate (BA) experienced a cybersecurity incident that affected the protected health information (PHI) of 540 individuals. The PHI included demographic information. The CE notified HHS, affected individuals, and the media. In response to the breach, the CE and BA implemented additional administrative, technical, and security safeguards to better protect PHI.",Cybersecurity incident,540 individuals,540,0,0,1,1
claim_3,"The covered entity (CE), Share Ourselves, reported that its business associate (BA) experienced a cyber-attack that compromised the protected health information (PHI) of 2,864 individuals. The PHI involved demographic and clinical information. The CE notified HHS and affected individuals; the BA notified the media on the CE’s behalf.",Cyberattack,"2,864 individuals",2864,0,0,0,1
claim_4,"Bay, the covered entity (CE), reported that an employee made the email addresses of approximately 4,000 individuals viewable by others. The protected health information included email addresses only. The CE notified HHS, the affected individuals, and media. As part of its mitigation efforts, the CE retrained staff and implemented additional safeguards.",Other,"4,000 individuals",4000,0,1,0,1
claim_5,"The covered entity (CE), Variety Care, reported that its business associate (BA) experienced a cyber-attack that compromised the protected health information (PHI) of 17,163 individuals. The PHI involved demographic and clinical information. The CE notified HHS and affected individuals; the subcontractor notified the media on the CE’s behalf. OCR provided technical assistance regarding the HIPAA Rules.",Cyberattack,"17,163 individuals",17163,0,0,0,1
claim_6,"The covered entity (CE), Affiliates of Nexion Health, Inc., reported that an employee emailed the protected health information (PHI) of 1,027 individuals to the wrong recipients. The PHI involved included names, addresses, dates of birth, claims information, and other treatment information. The CE notified HHS, the affected individuals, the media, and provided substitute notice. In response to the breach, the CE retrained workforce members and implemented new technical safeguards to better protect its PHI.",Wrong recipient,"1,027 individuals",1027,0,1,1,1
claim_7,"The covered entity (CE), Jewish Family and Community Services- East Bay, reported that it was the subject of a ransomware attack that affected the protected health information (PHI) of 987 individuals. The PHI involved included demographic information. The CE notified HHS and the affected individuals. In response to the breach, the CE provided complimentary credit monitoring services to the affected individuals and implemented additional administrative, technical, and security safeguards to better protect its PHI.",Ransomware,987 individuals,987,1,0,1,0
claim_8,"The covered entity (CE), SomnoSleep Consultants, reported that its business associate (BA) experienced a compromise of their computer system that compromised the protected health information (PHI) of 913 individuals.",Other,913 individuals,913,0,0,0,0
claim_9,"Corrections, the covered entity (CE), reported that the protected health information (PHI) of 1,723 individuals was viewable over the",Other,"1,723 individuals",1723,0,0,0,0
claim_10,"Clinics, the covered entity (CE), reported that two workforce members impermissibly accessed the protected health information (PHI) of approximately 2,742 individuals. The PHI included clinical, financial and demographic information. The CE notified HHS, the affected individuals, and the media. In response to the breach, the CE sanctioned the responsible employees and implemented additional administrative and technical safeguards. Staff were retrained.",Other,"2,742 individuals",2742,0,1,1,1
claim_11,"The covered entity (CE), Bosch Choice Welfare Benefit Plan, reported that a vendor of its business associate (BA) experienced a cybersecurity incident that affected the protected health information (PHI) of 55,000 individuals. The PHI involved included names, Social Security numbers, dates of birth, claims and health insurance information, and diagnoses/conditions. The CE notified HHS and the BA notified the affected covered entities and the affected individuals. In response to the breach, the CE and BA implemented additional technical safeguards to better protect PHI.",Cybersecurity incident,"55,000 individuals",55000,0,0,1,0
claim_12,"The covered entity (CE), Fidelis Care New York, reported that a workforce member emailed documents containing the protected health information (PHI) of 1,680 individuals to the wrong recipient. The PHI involved included names, dates of birth, member identification numbers, medications and other treatment information. The CE notified HHS, the affected individuals, and the media. In response to the breach, the CE implemented additional administrative safeguards and sanctioned the responsible workforce member.",Wrong recipient,"1,680 individuals",1680,0,0,0,1
claim_13,"The covered entity (CE), Sedgebrook OpCo SL VII LLC, reported that it was the subject of a ransomware attack that affected the protected health information (PHI) of 7,382 individuals. The PHI involved included demographic, clinical, and financial information. The CE notified HHS, the affected individuals, the media, and provided substitute notice. In response to the breach, the CE provided complimentary credit monitoring services to the affected individuals and implemented additional administrative, technical, and security safeguards to better protect its PHI.",Ransomware,"7,382 individuals",7382,1,0,1,1
claim_14,"The covered entity (CE), Sapphire Community Health, reported that its business associate (BA) experienced a cyber-attack on its network which contained the protected health information (PHI) of approximately 5,617 individuals. The PHI involved names, addresses, dates of birth, drivers’ license numbers, social security numbers, diagnoses/conditions, lab results, medications, and other treatment information. The CE notified HHS, affected individuals, and the media. OCR provided technical assistance to the CE regarding the HIPAA Rules.",Cyberattack,"5,617 individuals",5617,0,0,0,1
claim_15,"The covered entity (CE), Central Jersey Medical Center, reported that it experienced a hacking incident that affected the protected health information of 88,000 individuals. The PHI involved included names, Social Security numbers, addresses, dates of birth, claims information, diagnoses/conditions, and treatment information. The CE notified HHS, the affected individuals, the media, and posted substitute notice on its website. In response to the breach, the CE implemented additional administrative, technical, and security safeguards, and retrained its workforce members to better protect its PHI.",Hacking,"88,000 individuals",88000,0,1,1,1
claim_16,"The business associate (BA), McElroy & Associates, Inc., reported that an employee’s email account containing protected health information (PHI) was accessed by an unauthorized threat actor. According to the breach report, the breach affected approximately 6,633 individuals. The PHI involved names, dates of births, address/zip codes, social security numbers, drivers’ license numbers, other identifier, claims information, credit card/bank account numbers, medications, diagnosis/conditions, and other treatment information. The BA notified HHS, affected individuals, and the media. In its mitigation efforts, the BA provided security awareness training to its workforce and enhanced its access controls to better protect its PHI. OCR provided technical assistance to the BA regarding the HIPAA Rules and obtained documentation substantiating the BA’s actions.",Other,"6,633 individuals",6633,0,1,1,1
claim_17,"The covered entity (CE), Houston Methodist Specialty Physician Group, reported that an employee mailed the protected health information of 2,329 individuals to the wrong recipients. The PHI involved included names and treatment information. The CE notified HHS, the affected individuals and the media. In response to the breach, the CE sanctioned the employee involved and retrained its workforce members to better protect its PHI.",Wrong recipient,"2,329 individuals",2329,0,1,0,1
claim_18,"The covered entity (CE), Dermatology Associates, reported that it was the subject of a ransomware attack that compromised the protected health information (PHI) of approximately 501 individuals.",Ransomware,501 individuals,501,0,0,0,0
claim_19,"LC, the covered entity (CE), reported that several employees were the targets of an email phishing incident that affected the protected health information (PHI) of 620 individuals. The PHI included names, dates of birth, addresses, drivers’ license information, Social Security numbers, financial information, diagnoses and conditions, lab results, and other treatment information. The CE notified HHS, affected individuals, and the media. In response to the breach the CE implemented additional administrative and technical safeguards. OCR provided technical assistance regarding the HIPAA Breach Notification Rules. Staff were retrained.",Phishing,620 individuals,620,0,1,1,1
claim_20,"The covered entity (CE), Innovative Physical Therapy, reported that an employee of its business associate (BA) was the subject of an email phishing attack that affected the protected health information (PHI) of 2,023 individuals. The PHI involved included clinical and demographic information. The CE notified HHS, the affected individuals, the media, and posted substitute notice on their website. In response to the breach, the CE provided complimentary credit monitoring services to the affected individuals and implemented additional administrative, technical, and security safeguards to better protect PHI.",Phishing,"2,023 individuals",2023,1,0,1,1
claim_21,"The covered entity (CE), Walgreen Co., reported that the protected health information (PHI) of 2,708 individuals was lost during transport. The PHI involved included names, addresses, medications, and other treatment information. The CE notified HHS, law enforcement, affected individuals, and the media. In its mitigation efforts, the CE terminated its business relationship with the business associate. OCR provided technical assistance to the CE regarding the HIPAA Rules.",Mailing / transport,"2,708 individuals",2708,0,0,0,1
claim_22,"The covered entity (CE), North Carolina Department of Health and Human Services, reported that an employee of its business associate (BA) mailed the protected health information (PHI) of 3,437 individuals to the wrong recipients. The PHI involved clinical and demographic information. The CE notified HHS, the affected individuals, the media, and provided substitute notice. In response to the breach, the CE and BA implemented additional administrative, technical, and security safeguards and retrained workforce members to better protect its PHI.",Wrong recipient,"3,437 individuals",3437,0,1,1,1
claim_23,"The business associate (BA), Superior Vision Services, Inc., reported that an employee was the target of an email phishing scheme that affected the protected health information (PHI) of approximately 25,341 individuals. The PHI involved demographic information. The BA notified HHS, affected individuals, and the media. In its mitigation efforts, the BA provided security awareness training to its workforce, strengthened its threat detection and response solutions, and enhanced its access controls to better protect PHI. OCR provided technical assistance to the BA regarding the HIPAA Rules.",Phishing,"25,341 individuals",25341,0,1,1,1
claim_24,"The covered entity (CE), Thomas Davies, DPM reported that its business associate (BA) experienced a hacking attack that compromised the protected health information (PHI) of 25,876 individuals. The PHI involved included demographic and clinical information. The CE notified HHS, affected individuals, and the media. In response to the breach, the CE and BA implemented additional administrative, technical, and security safeguards and offered free credit monitoring. OCR provided technical assistance regarding the HIPAA Rules.",Other,"25,876 individuals",25876,1,0,1,1
claim_25,"The business associate (BA), Outcomes One, Inc., reported that an employee was the subject of an email phishing scheme that affected the protected health information (PHI) of 257,481 individuals. The PHI involved included names, dates of birth, medications, and other treatment information. The BA notified HHS, the affected covered entities, the affected individuals, the media, and provided substitute notice. In response to the breach, the BA implemented additional administrative, technical, and security safeguards, and retrained workforce members to better protect PHI. Herr Foods, the covered entity(CE) reported that its business associate (BA) experienced a hacking attack that compromised the protected health information (PHI) of 1,164 individuals. The PHI involved included names, birthdates, addresses, claims information, health insurance information, diagnoses, and other treatment information. Following the discovery of the incident, the covered entity provided notice to HHS and the affected individuals. The BA implemented additional administrative, technical, and security safeguards.",Phishing,"257,481 individuals",257481,0,1,1,1
claim_26,"The covered entity (CE), UNC Hospitals, reported that an employee was the target of an email phishing scheme that affected the protected health information (PHI) of 6,377 individuals. The PHI involved included demographic, financial, and clinical information. The CE notified HHS, affected individuals, the media, and posted substitute notice on its website. In its mitigation efforts, the CE implemented additional administrative, technical, and security safeguards to better protect its PHI. OCR provided technical assistance to the CE.",Phishing,"6,377 individuals",6377,0,0,1,1
claim_27,"The covered entity (CE), UNC Chapel Hill – School of Medicine, reported that an employee was the target of an email phishing scheme that affected the protected health information (PHI) of 799 individuals. The PHI involved included demographic, financial, and clinical information. The CE notified HHS, affected individuals, the media, and posted substitute notice on its website. In its mitigation efforts, the CE implemented additional administrative, technical, and security safeguards to better protect its PHI. OCR provided technical assistance to the CE.",Phishing,799 individuals,799,0,0,1,1
claim_28,"The covered entity (CE), Roush Fenway Keselowski Racing, LLC, reported that it experienced a hacking attack that compromised the protected health information (PHI) of approximately 2,160 individuals.",Other,"2,160 individuals",2160,0,0,0,0
claim_29,"Health, the covered entity (CE), reported that an employee mailed the protected health information (PHI) of 696 individuals to the wrong recipients. The PHI involved included names, addresses, and treatment information. The CE notified HHS and the affected individuals. The CE also took corrective actions in response to the breach, implementing additional administrative, technical, and security safeguards to better protect its PHI.",Wrong recipient,696 individuals,696,0,0,1,0
claim_30,"The covered entity (CE), Meridian Valley Laboratories, Inc., reported that it experienced a hacking incident that affected the protected health information (PHI) of 16,341 individuals. The PHI involved included financial, clinical and demographic information. The CE notified HHS, the affected individuals, and provided substitute notice. In response to the breach, the CE implemented additional administrative, technical, and security safeguards and retrained workforce members to better protect its PHI.",Hacking,"16,341 individuals",16341,0,1,1,0
claim_31,"The covered entity (CE), Northwest Medical Specialties PLLC, reported that it was the subject of a cyber-attack that affected the protected health information (PHI) of 3,864 individuals. The PHI involved included clinical and demographic information. The CE notified HHS, the affected individuals, the media, and posted substitute notice on their website. In response to the breach, the CE provided complimentary credit monitoring services to the affected individuals and implemented additional administrative, technical, and security safeguards to better protect its PHI.",Cyberattack,"3,864 individuals",3864,1,0,1,1
claim_32,"The covered entity (CE), Children's Center of Hamden, reported that it was the subject of a cyber-attack that affected the protected health information (PHI) of 5,213 individuals. The PHI involved included clinical and demographic information. The CE notified HHS, the affected individuals, the media, and provided substitute notice. In response to the breach, the CE provided complimentary credit monitoring services to the affected individuals and implemented additional administrative, technical, and security safeguards, and retrained workforce members to better protect its PHI.",Cyberattack,"5,213 individuals",5213,1,1,1,1
claim_33,"The covered entity (CE), Woodlawn Hospital, reported that it experienced a cyber-attack that compromised the protected health information (PHI of 62,278 individuals,",Cyberattack,"62,278 individuals",62278,0,0,0,0
claim_34,"Florida, the covered entity (CE), reported that its business associate (BA) experienced a cybersecurity attack that compromised the protected health information (PHI) of 1,798 individuals. The PHI involved included names, addresses, dates of birth, drivers’ license numbers, social security numbers, diagnoses/conditions, diagnostic imaging, diagnostic test results, lab results, medications, financial and health insurance information, and other treatment information. The CE notified HHS, the affected individuals, and the media about the breach as well as posting substitute notice on its website. In its mitigation efforts, the BA implemented additional administrative, technical, and security safeguards to better protect PHI.",Other,"1,798 individuals",1798,0,0,1,1
claim_35,"The covered entity (CE), University of Michigan, reported that an employee mailed a postcard which exposed the protected health information (PHI) of 1,015 individuals. The PHI involved included names, addresses, and diagnoses/conditions. The CE notified HHS, affected individuals, and the media. In response to the breach, the CE implemented additional administrative and technical safeguards to better protect PHI. Staff were retrained.",Mailing / transport,"1,015 individuals",1015,0,1,1,1
claim_36,"The covered entity (CE), Integrated Orthopedics of Arizona, reported that an employee was the victim of an email phishing scheme that affected the protected health information (PHI) of 2,916 individuals. The PHI involved included demographic, clinical, and financial information. The CE notified HHS, the affected individuals, the media, and posted substitute notice on its website. In response to the breach, the CE provided complimentary credit monitoring to the affected individuals and implemented additional administrative and technical safeguards. Staff were retrained.",Phishing,"2,916 individuals",2916,1,1,1,1
claim_37,"The covered entity (CE), Anderson & Kreiger LLP, reported that its business associate (BA) was the subject of a ransomware attack that affected the protected health information (PHI) of 1,607 individuals. The PHI involved included clinical and demographic information. The CE notified HHS, the affected individuals, the media, and posted substitute notice on their website.",Ransomware,"1,607 individuals",1607,0,0,0,1
claim_38,"The covered entity (CE), West Texas Oral Facial Surgery, reported that it was the subject of a ransomware attack that affected the protected health information (PHI) of 11,151 individuals. The PHI involved included demographic and clinical information. The CE notified HHS, the affected individuals, the media, and provided substitute notice. In response to the breach, the CE implemented additional administrative, technical, and security safeguards, and retrained workforce members to better protect its PHI.",Ransomware,"11,151 individuals",11151,0,1,1,1
claim_39,"The covered entity (CE), AVALA Holdings, reported that multiple employees were the subjects of an email phishing scheme that affected the protected health information (PHI) of 22,732 individuals.",Phishing,"22,732 individuals",22732,0,0,0,0
claim_40,"Center, the business associate (BA), reported that an employee posted the protected health information (PHI) of 529 individuals on its website. The PHI involved included names, addresses, phone numbers, and other identifiers. The BA notified HHS, the affected individuals, and the media. In its mitigation efforts, the BA revised its policies and procedures and implemented additional administrative and security safeguards.",Other,529 individuals,529,0,0,1,1
claim_41,"The covered entity (CE), OB/GYN Medical Center Associates, reported that it experienced a hacking attack that compromised the protected health information (PHI) of 2,132 individuals. The PHI involved included clinical information. The CE notified HHS, the affected individuals, the media, and provided substitute notice. In response to the breach, the CE implemented additional administrative, technical, and security safeguards to better protect its PHI.",Other,"2,132 individuals",2132,0,0,1,1
claim_42,"The business associate (BA), Jack L Marcus, reported that the BA’s website impermissibly disclosed the protected health information (PHI) of 705 individuals. The PHI involved was limited to the treatment facility names where inmates in the Wisconsin Department of Corrections were located. The BA notified HHS, the affected individuals, the media, and provided substitute notice. In response to the breach, the BA implemented additional administrative, technical, and security safeguards. Staff members were retrained.",Other,705 individuals,705,0,1,1,1
claim_43,"The covered entity (CE), Regional Center of the East Bay, reported that an employee sent an email containing the protected health information (PHI) of 689 individuals to an unintended recipient.",Other,689 individuals,689,0,0,0,0
claim_44,"Network, the covered entity (CE), reported that an employee was the target of an email phishing scheme that affected the protected health information (PHI) of 15,410 individuals. The PHI included clinical, demographic and financial information. The CE notified HHS, the affected individuals, the media. and posted substitute notice on its website. In its mitigation efforts, the CE implemented additional technical, administrative and security safeguards.",Phishing,"15,410 individuals",15410,0,0,1,1
claim_45,"The covered entity (CE), Golden State Radiation Oncology, reported that multiple employees of its business associate (BA) was the subject of an email phishing scheme that affected the protected health information (PHI) of 2,130 individuals. The PHI involved included clinical and demographic information. The CE notified HHS, affected individuals, and the media. In response to the breach, the CE provided complimentary credit monitoring services to the affected individuals and implemented additional administrative, technical, and security safeguards to better protect PHI. Cerner reported that it experienced a cyberattack that compromised the protected health information (PHI) of 501 individuals. Cerner was acquired by Oracle Corporation in 2022, and as a result, the investigation has closed since Cerner is no longer a covered entity.",Phishing,"2,130 individuals",2130,1,0,1,1
claim_46,"The business associate (BA), Apex Global Solutions, reported that it was the target of a hacking attack that affected the protected health information (PHI) of 1,4741 individuals. The PHI involved included clinical, demographic, and financial information. The CE notified HHS, the affected individuals, the media, and provided substitute notice. In response to the breach, the CE and BA provided complimentary credit monitoring services to the affected individuals and implemented additional administrative, technical, and security safeguards to better protect its PHI.",Other,741 individuals,741,1,0,1,1
claim_47,"The covered entity (CE), Select Medical Holdings Corporation, reported that its business associate (BA) experienced a ransomware incident that affected the protected health information (PHI) of 119,525 individuals. The PHI involved demographic and clinical information. The CE notified HHS, affected individuals, the media, and posted substitute notice on its website. In response to the breach, the CE offered free credit monitoring to affected individuals and terminated its contract with BA.",Ransomware,"119,525 individuals",119525,1,0,0,1
claim_48,"The business associate (BA), AffirmedRx PBC, reported that an employee mailed the protected health information (PHI) of 1,089 individuals to the wrong recipients. The PHI involved included names and medications. The BA notified HHS, the affected individuals, the media, and provided substitute notice. In response to the breach, the BA implemented additional administrative, technical, and security safeguards, and retrained workforce members to better protect PHI. The Business Associate (BA), Ocuco, reported that it experienced a hacking incident that affected the protected health information (PHI) of 240,961 individuals. The PHI involved included names, dates of birth, addresses, drivers’ license numbers, Social Security numbers, claims and financial information, diagnoses/conditions, lab results, medications, and other treatment information. In response to the breach, the BA provided complimentary credit monitoring services to the affected individuals, and implemented additional administrative, technical, and security safeguards to better protect its PHI.",Wrong recipient,"1,089 individuals",1089,1,1,1,1
claim_49,"The covered entity (CE), CareOregon, Inc., reported that an employee was the target of an email phishing scheme that affected the protected health information (PHI) of 1,786 individuals. The PHI involved clinical, demographic and financial information. The CE notified HHS, affected individuals, and the media. In its mitigation efforts, the CE provided security awareness training to its workforce and strengthened its threat detection and response solutions to better protect its PHI. OCR provided technical assistance to the CE regarding the HIPAA Rules.",Phishing,"1,786 individuals",1786,0,1,0,1
claim_50,"The covered entity (CE), MedStar St. Mary’s Hospital, reported that its business associate (BA) reported that it was the subject of a cybersecurity attack that affected the protected health information (PHI) of 172,915 individuals. The PHI involved included names, addresses, dates of birth, drivers’ license and Social Security numbers, diagnoses/conditions, lab results, medications, and health insurance information. The CE notified HHS, the affected individuals, the media, and provided substitute notice. In response to the breach, the CE and BA provided complimentary credit monitoring services to the affected individuals and implemented additional safeguards to better protect PHI.",Other,"172,915 individuals",172915,1,0,0,1
claim_51,"The covered entity (CE), UChicago Medicine Medical Group, reported that it was the subject of a cybersecurity incident that affected the protected health information of 38,656 individuals. The PHI involved included names, Social Security numbers, addresses, dates of birth, claims information, diagnoses/conditions, and treatment information. The CE notified HHS, the affected individuals and the media. In response to the breach, the CE provided complimentary credit monitoring services to the affected individuals and implemented additional administrative, technical, and security safeguards to better protect its PHI.",Cybersecurity incident,"38,656 individuals",38656,1,0,1,1
claim_52,"The covered entity (CE), Shore Medical Center, reported that its business associate (BA) was the subject of a cybersecurity incident that affected the protected health information of 31,177 individuals. The PHI involved included names, Social Security numbers, addresses, dates of birth, diagnoses/conditions, and treatment information. The CE notified HHS, the affected individuals and the media. In response to the breach, the CE provided complimentary credit monitoring services to the affected individuals and implemented additional administrative, technical, and security safeguards to better protect PHI.",Cybersecurity incident,"31,177 individuals",31177,1,0,1,1
claim_53,"The covered entity (CE), Swedish Edmonds Hospital, reported that it experienced a ransomware incident that affected the protected health information (PHI) of 886 individuals. The PHI involved included names, addresses, Social Security numbers, dates of birth, financial information, and other treatment information. The CE notified HHS, affected individuals, and the media. In response to the breach, the CE offered free credit monitoring and implemented additional technical safeguards.",Ransomware,886 individuals,886,1,0,1,1
claim_54,"The covered entity (CE), Radiology Chartered, reported that its former business associate (BA) experienced a hacking incident that affected the protected health information (PHI) of 12,656 individuals. The PHI involved included names, dates of birth, addresses, and Social Security numbers. The CE notified HHS, the affected individuals, the media, and provided substitute notice. In response to the breach, the CE provided complimentary credit monitoring services to the affected individuals and implemented additional administrative, technical, and security safeguards to better protect its PHI.",Hacking,"12,656 individuals",12656,1,0,1,1
claim_55,"The covered entity (CE), Balance Autism, reported that it was the subject of a ransomware attack that affected the protected health information (PHI) of 1,281 individuals. The PHI involved included names, dates of birth, addresses, Social Security and drivers’ license numbers, diagnoses/conditions, and other treatment information. The CE notified HHS, the affected individuals, the media, and provided substitute notice. In response to the breach, the CE provided complimentary credit monitoring services to the affected individuals and implemented additional administrative, technical, and security safeguards to better protect its PHI.",Ransomware,"1,281 individuals",1281,1,0,1,1
claim_56,"The covered entity (CE), Midlothian Pharmacy Compounding & Prescription, reported that an employee inadvertently sent an email that contained the protected health information (PHI) of 1,000 individuals to the wrong recipients. The PHI involved was limited to patient names. The CE notified HHS, affecged individuals, and the media. In response to the breach the CE implemented additional administrative and technical safeguards. OCR provided technical assistance regarding the HIPAA Breach Notification Rules. Staff were retrained.",Wrong recipient,"1,000 individuals",1000,0,1,1,1
claim_57,"The covered entity (CE), InSider Vision, LLC, reported that an employee emailed the protected health information (PHI) of 1,426 individuals to the wrong recipient. The PHI involved included names, phone numbers, and addresses. The CE notified HHS and impacted individuals. In response to the breach, the CE implemented additional administrative, technical, and security safeguards, and retrained workforce members to better protect PHI.",Wrong recipient,"1,426 individuals",1426,0,1,1,0
claim_58,"The covered entity (CE), Marlboro-Chesterfield Pathology, P.C., reported that it experienced a hacking incident that affected the protected health information (PHI) of 235,911 individuals. The PHI involved included names, dates of birth, drivers’ license and Social Security numbers, claims and financial information, diagnoses, and lab results. The CE notified HHS, affected individuals, the media, and provided substitute notice. In response to the breach, the CE implemented additional administrative, technical, and security safeguards.",Hacking,"235,911 individuals",235911,0,0,1,1
claim_59,"The business associate (BA), Serviceaide, reported that a database containing the protected health information (PHI) of 483,126 individuals was made publicly available via the Internet. The PHI involved included names, Social Security numbers, addresses, diagnoses/conditions, lab results, medications, and other treatment information. The BA notified HHS, the affected individuals, the media, and provided substitute notice. In response to the breach, the BA provided complimentary credit monitoring services and implemented additional administrative, technical, and security safeguards. Staff were retrained.",Other,"483,126 individuals",483126,1,1,1,1
claim_60,"The covered entity (CE), The Caring Healthcare Network, LLC, reported that an employee was seen on video printing a document that contained the protected health information (PHI) of approximately 1,019 individuals. The PHI involved names, addresses and dates of birth. The CE notified HHS of the breach. In its mitigation efforts, the CE provided security awareness training to its workforce, sanctioned the employee involved in the incident, and increased its HIPAA compliance monitoring to better protect its PHI. OCR provided technical assistance to the CE regarding the HIPAA Rules.",Other,"1,019 individuals",1019,0,1,0,0
claim_61,"The covered entity (CE), Primary Health Care, Inc., reported that that a workforce member inadvertently sent an email that contained the protected health information (PHI) of 787 individuals to the wrong recipients. The PHI involved included names and treatment information. The CE notified HHS, the affected individuals, the media, and provided substitute notice. In response to the breach, the CE implemented additional administrative and technical safeguards and retrained workforce members to better protect PHI.",Wrong recipient,787 individuals,787,0,1,1,1
claim_62,"The covered entity (CE), Schewitz Psychological Services dba Couples Learn, reported that its business associate (BA) experienced a cyberattack affecting the protected health information (PHI) of 3,700 individuals. The PHI involved included names, email addresses, phone numbers, and treatment information. The CE notified HHS, affected individuals, and the media. In its mitigation efforts, the CE and BA implemented additional technical safeguards.",Cyberattack,"3,700 individuals",3700,0,0,1,1
claim_63,"The covered entity (CE), Arizona Arthritis and Rheumatology Associates, P.C., reported that several employees were the subjects of an email phishing attack that affected the protected health information (PHI) of 5,509 individuals. The PHI involved included names, addresses, dates of birth, claims information, diagnoses/conditions, lab results, medications, and other treatment information.",Phishing,"5,509 individuals",5509,0,0,0,0
claim_64,"Financial, the covered entity (CE), reported that its business associate (BA) experienced a cyberattack that impacted the protected health information (PHI) for 1,123 individuals. The PHI involved included names, addresses, dates of birth, Social Security numbers, and claims and financial information. The CE notified HHS and the affected individuals. In its mitigation efforts, the CE strengthened passwords and offered credit monitoring.",Cyberattack,"1,123 individuals",1123,1,0,0,0
claim_65,"The covered entity (CE), The Neurological Institute of Savannah & Center for Spine, P.C., reported that it experienced a hacking attack that compromised the protected health information (PHI) of 32,548 individuals. The PHI involved included names, addresses, dates of birth, social security numbers, claims information, diagnoses/conditions, lab results, medications, and other treatment information. The CE notified HHS, affected individuals, and posted substitute notice on its website. In response to the breach, the CE implemented additional administrative, technical, and security safeguards. Staff were retrained. Prestonwood Baptist Church reported it experienced a cyber-attack that affected the protected health information of 501 individuals. After review, it was determined that Prestonwood Baptist Church is not a covered entity. Therefore, OCR closed the case.",Cyberattack,"32,548 individuals",32548,0,1,1,0
claim_66,"The covered entity (CE), Marc Irwin Sharfman, M.D., P.A., reported that its business associate (BA) was the subject of a breach that affected the protected health information (PHI) of 650 individuals. The PHI involved included demographic and financial information. The CE notified HHS, the affected individuals, and the media. In response to the breach, the CE provided complimentary credit monitoring services to the affected individuals and the BA implemented additional administrative, technical, and security safeguards to better protect PHI.",Other,650 individuals,650,1,0,1,1
claim_67,"The covered entity (CE), the City of Bristol, TN, reported that its business associate (BA) experienced a hacking incident that affected the protected health information (PHI) of 4,708 individuals. The PHI involved names, addresses, Social Security numbers, claims information, diagnoses/conditions, lab results, medications, and other treatment information.",Hacking,"4,708 individuals",4708,0,0,0,0
claim_68,"Network, the covered entity (CE), reported that it experienced a cyberattack that compromised the protected health information (PHI) of 845 individuals. The PHI involved included names, addresses, dates of birth, medical diagnoses and treatment information, medication information, vaccination status, health insurance information, and Social Security numbers. The CE notified HHS, affected individuals, the media, and posted substitute notice on its website. In its mitigation efforts, the CE enhanced its multifactor authentication protocols and closed the firewall port that had been vulnerable.",Cyberattack,845 individuals,845,0,0,0,1
claim_69,"The covered entity (CE), Charleston Fire Department, reported that an employee was the target of an email phishing scheme that affected the protected health information (PHI) of 2,583 individuals. The PHI involved demographic, clinical, and financial information. The CE notified HHS, the affected individuals, and the media. In response to the breach, the CE implemented additional safeguards, including multi-factor authentication, revised its policies procedures, and updated its HIPAA Security Rule Risk Analysis.",Phishing,"2,583 individuals",2583,0,0,0,1
claim_70,"The covered entity (CE), Union Health System, reported that it’s business associate (BA) experienced a hacking attack that compromised the protected health information (PHI) of 262,831 individuals. The PHI involved included names, addresses, drivers’ license and Social Security numbers, diagnoses/conditions, lab results and medications. The CE notified HHS, the affected individuals, the media, and provided substitute notice. In response to the breach, the CE provided complimentary credit monitoring services and implemented additional administrative, technical, and security safeguards to better protect PHI.",Other,"262,831 individuals",262831,1,0,1,1
claim_71,"The covered entity (CE), Horizon Behavioral Health, reported that it experienced a ransomware incident that affected the protected heath information (PHI) of 49,303 individuals. The PHI involved included names, dates of birth, social security numbers, drivers’ license numbers, diagnoses, medications, and claims information.",Ransomware,"49,303 individuals",49303,0,0,0,0
claim_72,"Baltimore, the covered entity (CE) reported that its business associate (BA) experienced a cybersecurity incident that affected the protected health information (PHI) of 28,968 individuals.",Cybersecurity incident,"28,968 individuals",28968,0,0,0,0
claim_73,"Health, the covered entity (CE), reported that it experienced a breach when an employee included the protected health information (PHI) of 1,152 individuals in quality assurance reports in violation of its minimum necessary policy. The PHI involved included medical record numbers, dates of birth, dates of service, health care providers, diagnoses, and other treatment information. The CE notified HHS, affected individuals, and the media. In its mitigation efforts, the CE amended and clarified its minimum necessary policy, trained staff on the revised policy, and sent out reminders to department directors not to include PHI in quality assurance reports.",Other,"1,152 individuals",1152,0,0,0,1
claim_74,"The covered entity (CE), WPM Pathology Laboratory, Chartered, reported that it experienced a hacking incident that affected the protected health information (PHI) of 5,694 individuals. The PHI involved included names, dates of birth, addresses, drivers’ license and Social Security numbers, and diagnoses and conditions. The CE notified HHS, affected individuals, and the media. In response to the breach, the CE implemented additional administrative, technical, and security safeguards.",Hacking,"5,694 individuals",5694,0,0,1,1
claim_75,"The covered entity (CE), Cardiology Associates of Fredericksburg, reported that it experienced a hacking incident that compromised the protected health information (PHI) of 75,476 individuals.",Hacking,"75,476 individuals",75476,0,0,0,0
claim_76,"Health, the covered entity (CE) reported that its business associate was the subject of a cyber-attack that affected the protected health information (PHI) of 2,253 individuals.",Cyberattack,"2,253 individuals",2253,0,0,0,0
claim_77,"LC, the covered entity (CE), reported that an employee was the subject of an email phishing scheme that compromised the protected health information (PHI) of 93,589 individuals. The PHI involved included names, addresses, dates of birth, drivers’ license and Social Security numbers, diagnoses/conditions, lab results, medications, and other treatment information. The CE notified HHS, affected individuals, the media, and posted substitute notice on its website. In its mitigation efforts, the CE implemented multi-factor authentication and provided additional employee training on phishing campaigns.",Phishing,"93,589 individuals",93589,0,1,0,1
claim_78,"The business associate (BA), Scharnhorst Ast Kennnard Griffin, P.C., reported that an employee was the target of an email phishing scheme that affected the protected heath information (PHI) of 639 individuals.",Phishing,639 individuals,639,0,0,0,0
claim_79,"Network, the covered entity (CE), reported that a physician impermissibly accessed the protected health information (PHI) 5,565 individuals without authorization. The PHI involved in the incident included names, addresses, dates of birth, diagnoses, and other treatment information. The CE notified HHS, affected individuals, and the media. Substitute notice was provided on the CE’s website. Upon discovering the incident, the CE sanctioned the physician and implemented additional administrative, technical, and security safeguards.",Other,"5,565 individuals",5565,0,0,1,1
claim_80,"The covered entity (CE), Yale New Haven Health System, reported that it experienced a hacking incident that affected the protected health information (PHI) of 5,556,702 individuals. The PHI involved included names, dates of birth, addresses, and Social Security numbers. The CE notified HHS, affected individuals, the media, and implemented substitute notice. In response to the breach, the CE implemented additional administrative, technical, and security safeguards.",Hacking,"5,556,702 individuals",5556702,0,0,1,1
claim_81,"The covered entity (CE), Whitman County Public Hospital District No. 3, reported that it experienced a cyber-attack that affected the protected health information (PHI) of 63,453individuals. The PHI involved included clinical and demographic information. The CE notified HHS, the affected individuals, the media, and provided substitute notice. In its mitigation efforts, the CE implemented additional administrative, technical, and security safeguards to better protect its PHI. In addition, the CE retrained its workforce members to better protect its PHI.",Cyberattack,NA,NA,0,1,1,1
claim_82,"The covered entity (CE), Boudreaux’s Specialty Compounding Pharmacy, reported that it was the subject of a ransomware attack that affected the protected health information (PHI) of 6,270 individuals.",Ransomware,"6,270 individuals",6270,0,0,0,0
claim_83,"Center, the covered entity (CE), reported that its business associate (BA) experienced a cyberattack that compromised the protected health information (PHI) of 8,309 individuals. The PHI involved included names, addresses, dates of birth, Social Security numbers, claims and financial information, and other treatment information. The CE notified HHS, affected individuals, and the media. In its mitigation efforts, the BA implemented additional administrative, technical, and security safeguards.",Cyberattack,"8,309 individuals",8309,0,0,1,1
claim_84,"The covered entity (CE), Erlanger Health, reported that its business associate (BA) experienced a ransomware incident that affected the protected health information (PHI) of 3,193 individuals. The PHI involved included names, addresses, Social Security numbers, dates of birth, and other treatment information. The CE notified HHS, the affected individuals, and the media, and posted substitute notice on its website. In response to the breach, the CE offered free credit monitoring to affected individuals.",Ransomware,"3,193 individuals",3193,1,0,0,1
claim_85,"The covered entity (CE), California Correctional Health Care Services, reported that a workforce member sent an unencrypted email containing the protected health information (PHI) of 4,105 individuals to the wrong recipients. The PHI involved included names, diagnoses, medications, and other treatment information. The CE notified HHS, affected individuals, and the media. In response to the breach, the CE retrained workforce members to better protect PHI.",Wrong recipient,"4,105 individuals",4105,0,1,0,1
claim_86,"The covered entity (CE), Benefits Partner, LLC dba Salus Group, reported that an employee was the target of an email phishing scheme that affected the protected health information (PHI) of 40,177 individuals. The PHI involved included names, dates of birth, addresses, drivers’ license and Social Security numbers, claims and financial information, and other treatment information. The CE notified HHS, affected individuals, the media, and provided substitute notice. In response to the breach, the CE implemented additional administrative, technical, and security safeguards.",Phishing,"40,177 individuals",40177,0,0,1,1
claim_87,"The covered entity (CE), Northeast Georgia Health System, reported that its business associate (BA) experienced a cybersecurity incident that compromised the protected health information (PHI) of 24,849 individuals. The PHI involved included names and addresses. The CE notified HHS, affected individuals, and the media. In response to the breach, the CE implemented additional administrative and technical safeguards.",Cybersecurity incident,"24,849 individuals",24849,0,0,1,1
claim_88,"The covered entity (CE), Hebrew Home for Aged Disabled dba San Francisco Campus for Jewish Living, reported that an employee was the subject of an email phishing attack that affected the protected health information (PHI) of 2,568 individuals. The PHI involved included names, addresses, dates of birth, medications, and other treatment information. The CE notified HHS, the affected individuals, the media, and provided substitute notice. In response to the breach, the CE provided complimentary credit monitoring services to the affected individuals and implemented additional administrative, technical, and security safeguards. Staff were retrained on email security.",Phishing,"2,568 individuals",2568,1,1,1,1
claim_89,"The covered entity (CE), Central Texas Pediatric Orthopedics, reported that it was the subject of a ransomware",Ransomware,NA,NA,0,0,0,0
