unit_id,insurer,document_label,source_file,page,question_text,auto_codes,coder1_final,coder2_final
1,Beazley,Beazley Ransomware Supplemental Application,de633464-c433-44e1-a524-fb0822d746fa.pdf,1,6. Do you require additional training for employees who fail phishing email simulations?,Security Awareness and Phishing Training,Security Awareness and Phishing Training,Security Awareness and Phishing Training
2,Beazley,Beazley Ransomware Supplemental Application,de633464-c433-44e1-a524-fb0822d746fa.pdf,2,12. Do you provide your employees with password management software?,Password and Privileged Access Management,Password and Privileged Access Management,Password and Privileged Access Management
3,Beazley,Beazley Ransomware Supplemental Application,de633464-c433-44e1-a524-fb0822d746fa.pdf,2,"13. Do you enforce MFA for all Domain Administrator accounts? Please note any exceptions in the “Other Cybersecurity Controls & Preventative Measures” section, below. “Domain Administrator accounts” does not include service accounts, which are addressed in a separate section below.",Multi-Factor Authentication,Multi-Factor Authentication,Multi-Factor Authentication
4,Beazley,Beazley Ransomware Supplemental Application,de633464-c433-44e1-a524-fb0822d746fa.pdf,2,"14. Do you permit ordinary users local administrator rights to their devices (e.g., laptops)?",Password and Privileged Access Management,Password and Privileged Access Management,Password and Privileged Access Management
5,Beazley,Beazley Ransomware Supplemental Application,de633464-c433-44e1-a524-fb0822d746fa.pdf,2,15. a. Do you use a Privileged Access Management (PAM) tool?,Password and Privileged Access Management,Password and Privileged Access Management,Password and Privileged Access Management
6,Beazley,Beazley Ransomware Supplemental Application,de633464-c433-44e1-a524-fb0822d746fa.pdf,2,16. Do you use an asset discovery tool that continuously maps devices on your internal network?,Asset and Configuration Management,Asset and Configuration Management,Asset and Configuration Management
7,Beazley,Beazley Ransomware Supplemental Application,de633464-c433-44e1-a524-fb0822d746fa.pdf,2,17. Do you have an up-to-date asset database?,Asset and Configuration Management,Asset and Configuration Management,Asset and Configuration Management
8,Beazley,Beazley Ransomware Supplemental Application,de633464-c433-44e1-a524-fb0822d746fa.pdf,2,18. Do you have an up-to-date configuration management database (CMDB)?,Asset and Configuration Management,Asset and Configuration Management,Asset and Configuration Management
9,Beazley,Beazley Ransomware Supplemental Application,de633464-c433-44e1-a524-fb0822d746fa.pdf,2,"b. If “Yes” to a., are all privileged accounts managed with a PAM tool?",Password and Privileged Access Management,Password and Privileged Access Management,Password and Privileged Access Management
10,Beazley,Beazley Ransomware Supplemental Application,de633464-c433-44e1-a524-fb0822d746fa.pdf,2,"b. If “Yes” to a., do you enforce MFA for access to web-based email?",Multi-Factor Authentication,Multi-Factor Authentication,Multi-Factor Authentication
11,Chubb,Chubb Cyber Enterprise Application,70df0a1e-45f3-4772-9729-f85b3cd14fcf.pdf,3,Does the Applicant accept payment card (Credit/debit card) transactions?,Data Inventory and Sensitive Data Exposure,Data Inventory and Sensitive Data Exposure,Data Inventory and Sensitive Data Exposure
12,Chubb,Chubb Cyber Enterprise Application,70df0a1e-45f3-4772-9729-f85b3cd14fcf.pdf,3,Does the Applicant deal with protected health information as defined by HIPAA?,Data Inventory and Sensitive Data Exposure,Data Inventory and Sensitive Data Exposure,Data Inventory and Sensitive Data Exposure
13,Chubb,Chubb Cyber Enterprise Application,70df0a1e-45f3-4772-9729-f85b3cd14fcf.pdf,3,"If Yes , is Applicant complia nt with HIPAA and the HITECH Act?",Compliance and Legal Review,Compliance and Legal Review,Compliance and Legal Review
14,Chubb,Chubb Cyber Enterprise Application,70df0a1e-45f3-4772-9729-f85b3cd14fcf.pdf,3,"If Yes , is the Applicant PCI compliant? (via assessment or self -attestation)",Data Inventory and Sensitive Data Exposure,Data Inventory and Sensitive Data Exposure,Data Inventory and Sensitive Data Exposure
15,Coalition,Coalition Cyber & Technology E&O Application,91fb1484-b438-41bf-9e7a-ac0c0bf83651.pdf,1,"3 Does Named Insured implement encryption on laptop computers, desktop computers, and other portable media devices?",Encryption and Data Protection,Encryption and Data Protection,Encryption and Data Protection
16,Coalition,Coalition Cyber & Technology E&O Application,91fb1484-b438-41bf-9e7a-ac0c0bf83651.pdf,1,"4 Does Named Insured collect, process, store, transmit, or have access to any Payment Card Information (PCI), Personally Identifiable Information (PII), or Protected Health Information (PHI) other than employees of Named Insured?",Data Inventory and Sensitive Data Exposure,Data Inventory and Sensitive Data Exposure,Data Inventory and Sensitive Data Exposure
17,Coalition,Coalition Cyber & Technology E&O Application,91fb1484-b438-41bf-9e7a-ac0c0bf83651.pdf,1,"4a (If Yes) What is the estimated annual volume of payment card transactions (credit cards, debit cards, etc.)?",Data Inventory and Sensitive Data Exposure,Data Inventory and Sensitive Data Exposure,Data Inventory and Sensitive Data Exposure
18,Coalition,Coalition Cyber & Technology E&O Application,91fb1484-b438-41bf-9e7a-ac0c0bf83651.pdf,1,"4b (If Yes) How many PII or PHI records does Named Insured collect, process, store, transmit, or have access to?",Data Inventory and Sensitive Data Exposure,Data Inventory and Sensitive Data Exposure,Data Inventory and Sensitive Data Exposure
19,Coalition,Coalition Cyber Policy Application,e43f7416-8bfe-4d40-92ec-89be88a6b62d.pdf,2,"3 Does Named Insured implement encryption on laptop computers, desktop computers, and other portable media devices?",Encryption and Data Protection,Encryption and Data Protection,Encryption and Data Protection
20,Coalition,Coalition Cyber Policy Application,e43f7416-8bfe-4d40-92ec-89be88a6b62d.pdf,2,"4 Does Named Insured collect, process, store, transmit, or have access to any Payment Card Information (PCI), Personally Identifiable Information (PII), or Protected Health Information (PHI) other than employees of Named Insured?",Data Inventory and Sensitive Data Exposure,Data Inventory and Sensitive Data Exposure,Data Inventory and Sensitive Data Exposure
21,Coalition,Coalition Cyber Policy Application,e43f7416-8bfe-4d40-92ec-89be88a6b62d.pdf,2,"4a (If Yes) What is the estimated annual volume of payment card transactions (credit cards, debit cards, etc.)?",Data Inventory and Sensitive Data Exposure,Data Inventory and Sensitive Data Exposure,Data Inventory and Sensitive Data Exposure
22,Coalition,Coalition Cyber Policy Application,e43f7416-8bfe-4d40-92ec-89be88a6b62d.pdf,2,"4b (If Yes) How many PII or PHI records does Named Insured collect, process, store, transmit, or have access to?",Data Inventory and Sensitive Data Exposure,Data Inventory and Sensitive Data Exposure,Data Inventory and Sensitive Data Exposure
23,Coalition,Coalition Cyber & Technology E&O Application,91fb1484-b438-41bf-9e7a-ac0c0bf83651.pdf,2,5 Does Named Insured maintain at least weekly backups of all sensitive or otherwise critical data and all critical business systems offline or on a separate network?,Backups and Recovery,Backups and Recovery,Backups and Recovery
24,Coalition,Coalition Cyber Policy Application,e43f7416-8bfe-4d40-92ec-89be88a6b62d.pdf,2,5 Does Named Insured maintain at least weekly backups of all sensitive or otherwise critical data and all critical business systems offline or on a separate network?,Backups and Recovery,Backups and Recovery,Backups and Recovery
25,The Hartford,CyberChoice Underwriting Application,c6557c0d-32bd-47dc-b3de-686dad087065.pdf,3,"If yes, are backups stored offline and/or isolated from production systems?",Backups and Recovery,Backups and Recovery,Backups and Recovery
26,The Hartford,CyberChoice Underwriting Application,c6557c0d-32bd-47dc-b3de-686dad087065.pdf,3,"If yes, is the funds transfer instruction validated by a method other than the original means of request? For example, if the request is made by email, a follow up phone call is made to confirm that the supplier or vendor made the original request.",Funds Transfer and Social Engineering Controls,Funds Transfer and Social Engineering Controls,Funds Transfer and Social Engineering Controls
27,The Hartford,CyberChoice Underwriting Application,c6557c0d-32bd-47dc-b3de-686dad087065.pdf,3,"If yes, were such trademarks screened and cleared for infringement?",Media and Content Governance,Media and Content Governance,Media and Content Governance
28,The Hartford,CyberChoice Underwriting Application,c6557c0d-32bd-47dc-b3de-686dad087065.pdf,3,Is MFA required for access to email?,Multi-Factor Authentication,Multi-Factor Authentication,Multi-Factor Authentication
29,The Hartford,CyberChoice Underwriting Application,c6557c0d-32bd-47dc-b3de-686dad087065.pdf,3,"Is Multi-Factor Authentication (MFA) required for ALL remote access to your business’ network? Including cloud-hosted, on-premises and via Virtual Private Networks (VPNs). If no, how is remote access to the network controlled?",Multi-Factor Authentication,Multi-Factor Authentication,Multi-Factor Authentication
30,The Hartford,CyberChoice Underwriting Application,c6557c0d-32bd-47dc-b3de-686dad087065.pdf,4,"8. Loss History During the past three years, has any applicant experienced any cyber incident (including claims, cyber attacks, cyber extortion demands, privacy breaches or system failures)?",Funds Transfer and Social Engineering Controls,Funds Transfer and Social Engineering Controls,Funds Transfer and Social Engineering Controls
